,match,slot,text
0,2,0,yes dog. yeah . fast and furious. too fas. haha. sad
1,2,2,no idiot. we too pro. lol
2,2,4,HAHAH. COMMEND ME TY. EZ
3,6,0,so ya mama likes dick ehh?. figures. ur not even a good hooker kid. passive shadow blade?. gg
4,6,1,reprot. SAD. fucking reported axe. WORST HOOK IN HISTORY. YOU THOUGHT. IM THE #1 ROAMER NA. STUPIDD PIUDGE. STUPID!. nice ult medusa. commended. DOWNYS  GET DUMKED. ez game. Ty ty . SOOO EZQ!!. COMMEND ME!. COMMAND ME!!
5,6,3,gg
6,6,4,axe is axe
7,6,8,sorry nex. i killed u . almost . gg
8,8,6,PUSH. not defending. dodger lc. swap commend ty. swap commend ty
9,9,3,what. jeje fAM. free farming ls. not coming into play. let end. storm fat yet. zZZ. ok. U useless anyways. does it matter. 30mins in. cant seem to hit a singel call. ROFL. still didnt hirt. Aha. better share hero contorl. to someone else. might start hitting ur Q. ROFL. fuckING. Retard. yea. he had an. amazing blast laen. at mid. 20mins scythe on od. Yet my . LS . wants to farm. His orchid. Die btich. oh. my god. oh my god. oh. My. Fucking god
10,9,4,heartshaker. man that silence on axe. Gg
11,9,5,YEAH. WELL PLAYED. GEGE GUYS. HAHAHAHAHA. SAD. Y. CLASH. ZZZ. u lost 4v4. YEAH. DO I CARE. ROFL. CALL YOUR MOM. YOU BETTER CALL YOUR MOM OD. U NEED HER BREASTFEED. ?. Q?. WHATS Q. I DONT KNOW Q BRUH?. I PLAY LEGACY. u play LOL. GG. END. END. EHND. SADSADNSADSA. DSAD. GET BACK. OD. PLS. I GOT YOU. NO CALL. NO LOAD. WER R U OD
12,13,0,wp. fuckkk youuuuu. ty pudge
13,17,1,drow . remember me last game. haha. waot. haha
14,17,3,Ec. haha. nca game. commend me
15,19,6,????. xd. so good game. 3 griefers on my team. xd. xDDDD. 3 griefers vs ti finals tryhards. yes. good game was had
16,21,9,WELL PLAYED SHIT CUNTS
17,22,1,feed me. go bot. please dont be a trap. EE SAMA IS HERE
18,22,6,happy no cour day . i will . sure. no trap . only me . lol. EE 
19,24,2,480 ping. ok. again and again.... for farming a lot. goldback ? xD
20,31,3,stupid medusa. FUCKING MEDUSA. NICE. FORCESTAFF. ASSHOLE. this game. will be a year ender. this will be the last game played in 2017. and i got 500 ping. happy new year
21,32,9,?. WIND REPROTED. aLIEN HERE. LOL I WAS DIENG SO?. help report wind ty. pasive thrd . 4 heros were stick. Axe call one. Alien spoted. passive heross here. lol. me mid me  carry. pls pic ksupport. help reprt wind. ty
22,33,9,gg. i go afk. all report tinker. plz. he is troller. that team. commend me
23,35,8,gg wp . because u have blink 
24,36,0,"this is kotl from last game, can you just let us finish?"
25,36,2,never give up
26,38,5,end. can't win with wr support and invoker offlane. report this invoker
27,40,0,DANCE. gg. fking clock. talking more. ez dog. otak cibai. lancau. pro clock. haha
28,40,2,end fast. SLOW HAND TINKER. GG CAL. AAAHA. AHAHA. LMAO. it definitely is gg. sf def?. AHAHA. GGWP
29,40,4,bro. U CAN. SEE AXE?. CALL?. gg
30,40,6,die idoot. divine for the win. so noob. fucker. Tk. ahahaha. so sad. triggerd. rep[ort jugg. ty. ez. just erport this jugg. ty. gg
31,43,3,what's happening boyz ?. as you can see we are waiting . :D. I am just asking what happened. <3. how many more x3 mins do we have to wait. :D. BOI. you don't know how time works. look. you will have more gold if he leaves. If I roll a one. WE GO. izi. +. now you are lucky. :D. naah we ain't. :D. gg wp
32,45,8,TY. report sf and lycan. retard take lycan for hard . second rtard lose lane with help. just end. dont forget report lycan and sf. next game can come to yours team. end. im afk. k. da ti raq. nahuy spamiw twitch
33,48,1,End. gg mid. mana shield lvl 1. What a noob dogh. Dont wow me. my team just noob. haha. emd. end. wp
34,48,5,wow !. hahaha. chill dude. why so hot headed. I've been there. just by looking at your set you are pro dude. hahaha. ahahahahaha. ggwp
35,50,4,lolol. 150 bashes. fucking dogs. ez. game
36,52,3,yes when u die 21 timkes. times. idiot. bristle. report. 21 death. is it olympic games?. +. GG. report bristle
37,53,8,"Ez mid ,ez game. :*"
38,69,4,. i will commend u sniper if u commend me too. gg
39,71,0,end. woow. comback is real. gg noob
40,71,1,Ez dodge. ez pango. ez . ez. ez
41,71,2,alright alright. xhase ?. @@. omng warding. so whats ur new year resolutioin. like i sid we win 
42,71,4,Can you guys deni mid tower
43,71,5,wait. afk. gg. gg. end . ty. gg carry. report gryo ?. gg. report gryo
44,71,7,now he rolls. END . NEXT GAME. FUCK THIS PANGO. SAVE ROLL FOR NEXT GAME. SEE. LOOK AT HIM. PASSIVE. NOW HE ROLL. AGAIN. IF I KNOW HIM IN REAL LIFE. I WOULD HAVE KILL HIM. FUCKING NOOB PANGO
45,71,9,gg. wow gyro got aghas. end. wombo combo. ez top
46,73,2,report wk. WJAJHHAHAHHA. WTF
47,74,6,GG. Fuck you for playing huskar
48,75,3,g. NOOB team. archon. wtf. end. SAD
49,75,5,dude he rage quit. not coming back. leave la idiot
50,75,7,fuckin axe. fuck. JUGNERNAUTTTTTTT
51,75,9,lol. haha. ez. haha. void ?. u. u can def haha. haha. haha. haha. ggwp
52,76,1,my team. XD. gg
53,76,4,wow. apparently. aggro doesn't switch. the white snow. didn't see shit. XD. wow. right after. great. exactly
54,76,5,and then. right. crucial. QQ
55,76,6,ggwp
56,76,7,fucking axe retard cunt
57,79,4,happy new year
58,79,5,shutup nerd
59,79,7,lag the fuck up
60,79,9,wtf. ok
61,80,0,Ez team
62,80,6,pro huskar. commend
63,81,4,y u do dis. worth?. gg wp
64,82,2,Sekip. mama. u jus. just. passed. then i ded. ok. fair play. why dont u let me run. ok m9. knife in csgo. im csgo player. lets 1v1 in csgo. i bet my ak. TALASO. u just like bara. come . and we ded. GGWP. GLHF. so rude. me pro
65,82,4,stfu. ur a fucking cunt. stfu. lucky u. stom pro. u fucking noob. so am i lol. by 1?. yah ur pussy eater my boi
66,82,5,skrra. dat lich 2 kd ratio. called storm spirit m9. 1v1 me on rust. lel. u got fukked. Support my ass senpai. Ima out to fuck. kek ur so gey. 2 carries to take down a fukkin support. Nice. I am a frost skelly. who u tellin to chill nibba. miss me with that gay shit. I love being rude. kewl. but was all. a trick. KEKIUS MAXIMUS. HIPPITY HOPPITY GET OFF MAH PROPERTY. You got hulk and we got storm spirit. wyd. Oi. called out. Oh. How tragic. 2-10. ding dong ur opinion is wrong. kewl you still are 2-10. and I am a support. No you not?. You a farmer my boi. <3. I am. Skeleton pussy. OI. Ting go skrra. Ayy u got fukked
67,82,7,WHO IS BEING A MEME. GGWP. EZ
68,83,2,We from Makedonia? 
69,83,5,stop pause  idiot. omg. stupide kids
70,83,6,well if you remuse it will be uncount map. ??? lol now pause. just remake. this trash russian. why not pause at first ???. ???????. haha russian. Worst country of the world. hey dog russians. cant win without cheating ?. russian has their own server. dont lie. bullshit. kid. trash russian. hey DOG WK . SAY STH ?. Bark sth plz. hey dog . plz bark. is that dog knows only barking ?. Did you mother fuck a dog to born you. russian tradition ?. fuck dog to born ?. why all russian are so dirty player. your country shame on you. poor kids. no barking ?. common dog must bark. BARK MY DOG. a dog cant bark . that Russian dog. sad this dog . Cant even bark to make fun. hahah NOOB DOG. sad . a dog cant bark and no brain. So all russian are same like you. Hey BARKKKKKKK. ohhh Dog die. haha dog barkkk plz. hahaha. ohhhh . Dont kill the dog. go fuck yourself xD bye bye dog. wait long  time no barking 
71,83,7,retard. little fairplay rusians shit. dont pause now. y are retard?. or blind?. Stupid russans kid. go EAST. this is west server. y have rusan and east
72,83,8,wiat pls. fuck mothers
73,87,5,GGGGGGGGGGGGGGGG. fuck the game. okay boiz
74,87,6,fuck this shit nap team. rly
75,87,7,cant play
76,90,5,aw you got a silver edge for me. cute
77,97,7,fUNNY. no cour no wards jungle lc. so nice game. im afk guys. kepp presure and win it fast. report lc. thx
78,97,8,the fan on low priority. no problems 
79,99,6,Haha. iyot is real. Haha
80,100,7,da. da. wtf. slaid shou 
81,100,9,its took 3 year
82,102,0,she didn't wait for enigma
83,102,1,"Dota 2, where a 45 minute game takes 90 minutes. 25 min of queue, 20 minutes of disconnects, and 45 minutes of game. I'm relaxed. Making a joke mate. You mad mate?"
84,102,4,.... oh now you want to pause? ;). gg
85,102,6,DONT FORGET TO REPORT NAGA
86,102,7,ggwp. lmao. so true. that's why they have a turbo now. ggwp. it's been 2min. relax. if he abondoned this game wont count. rata. s. ggwp. why. fuck this game. lets continue. GG. GG THIS TEAM. gg. GG. GGWP. EZ TEAM. ?. GUESS im a better naga. wp. GG. GGWP. team reported and afk . plz end fast. GG. TRASH TEAM. IM DONE. LMAO. gg. GG. TRASH TEAM
87,102,8,"lets not forget 30 min of being called noob in russian, korean, and spanish. quiet you trained monkey. DOTA where everyone is a cunt, regtardless of team"
88,107,1,take so long time to end. wa. noob. take so long time kid. ez. noob ahahahaha
89,107,5,?. wow. small id also pro like that. i will show u the real sven. injoker. dun use small id to lie other ppl. u still injoler. me?. lol. make sure u can kill me 1st. this is lie kids
90,107,7,sadd. Lol. no def?. its fat. fast. ez
91,107,8,jajaja. have fun. u can out. its not scored. in ur dream
92,108,5,dont forget to report sf. sf. unisntall
93,108,6,gl hf. Ggwp. gl next boys
94,108,8,ff. Afk. gg. yep. ff
95,108,9,she is dead anyway. lets stop when she is reviving. gg. just finish
96,109,7,Thank u for the laugh Lads. Commend Troll. For being a troll. xDDDDDDDDDDDDDDDDDD. Merry Christmas. He's autistic
97,111,8,"new meta es, blink for wat. we sure lose, but we never give up, we will def till the end. fucking hard game ever when got lucky timing skill on enemy. lol es, blink for wat"
98,112,1,russia is big in eu west. but if u yolo like hell its not venges fault ;). u popped his passive. which killed me. :P. sneeze more. gg
99,112,6,ASDGKHADFSADSFH. AHDFJOPFDAP]HAFD. ASDHPJOAHFDJOP][. Ty. voker. u spell me. waw. Waw. run. bitch. Waw. wow. invo. alah. i have 2 arab. how . i win. HOW THIS AM. wIN. (. wp doom
100,112,8,veng. Doesnt . know how to zone the lane
101,113,2,axe i eat you . no. axxe. 2vs5. how top play
102,113,5,wow
103,113,9,Fuck yourself. Quit. bb zeus. Oo cumback. check this. Miss mis miss. :D. cry bitch. :D
104,114,1,gg. recomend pliz
105,115,1,ahahha. stfu. moron
106,115,4,lul. wp. ?. ?. ez. Que?. ^. ?. ?
107,115,5,gg. ahahhahaha. holy shit. ok. i gotta take some deep breathes. these guys. hoooo. ok. im afk jungle. gg
108,115,6,these bashes. lol. their 2 stack was perfect aparently. pro tier plays. from the offlane. gg I guess
109,115,8,?. gg wp report OD. whining in chat. ?. ?. ?. Que tal?. ?. Whats wrong?. ?. ?. Que?. ?. ?. ?. ?. This WK ;). +. ez mid and top
110,115,9,++. nice bkb. Ez wk ez mid ez mirana. boring ass game
111,117,9,wp. ?. :D. problems?. this invo rekking. gg wp. i ended. as i said. gg wp. commends
112,118,1,i missed the hill. LOL. ok
113,118,3,rly. u fucks. tards. stupid ocw. cow. rof. l. nice . weaver. smart af. good shit. muuuu. good shit. muuuu. gege
114,118,5,k. tard?. ). ). )
115,118,6,what a player. wowwwww
116,118,9,go next. nice
117,119,4,sorry
118,121,1,gotta love to see ur underlord now. no really. do u see ur mama. imma piss on her. nice stick. niuce one. hi. nice winter. so pro. do u realzie. ur mom is fucking slut. nice one. retard. instead of moving. u killed es. waw. 2-5. 5 death. 13 mins. stop feeding dog. ahahaha. k. haha. shes fine. how's ur. urs. 21-16. fuck ur sister. haha. ahaha. aiight man. sa. sad. stfu. now u taljk. i killed 10 times. 16 kills. dont talk. when i die. retards. Lmao. retards. u cant win. they really think. puck can do anything. with his eul's. 9k ulti. underlord. 2-9. its ok. ur support. so its ok if u feed. we rosh. ROFL. ROFLLLLLLLLLLLLLLLL. winter. bb. go back boys. taking viper. into pa. now im ursa into . Underlord. simply. man. thats it. yeah man. last gtame. this pa. u was like. ur pro an. man. u picked. viper. u started man. u said. this pa. hhahahhaha. feels good. to win mmr. and feels bad. for u man. haha. ofc ez. u countered me
119,121,4,fucking danny. ayy. idk what teals talking abou. what the fuck. whys ursa talking. did u play earlier. STOP IT. waht is hapenign. what the fuck. sniped. what a world we live in. MAN URSA IS SUCH A TALKER. Jesus. im not 18 yet. MOO. MAN THIS URSA. dudes. dude
120,121,7,let the faggot be happy with his imba hero counter. see you in mid game. u actually that fucking bad ursa?. or feed?. do you realize u wont win this game?. how to change aggro :D. hows your mom ursa?. she just told me about your baby sized dick. she is not 18 yet. ur going to jail. high skill bash. if something. that is sad. 16 kills still lose. hehe
121,121,8,Gr8. so sad. 5k gank. LMAO. wut now ?
122,121,9,?. XD?. ??. XDD. U . are fucking retard ursa. u know that?. URSA. HELLO. URSA. TELL SOMEYHING. HOW YOUR ROSH. how you feel to loosing second game. vs me. ?. ??. and u loosing game. for teammates. wp man. XD. you are shit. man. cant win game. as pa. from free farm. now u pick counter vs me. and u think u are good. whatever. pa isnt cancer?. whatever. be happy. dota is all your life. you fucking nerd. u dont even leaving house. fat nigga. whatyever. last game. was ez. vs you
123,123,1,afk sorry. viper whats ur base dm. Dmg. gg xd. 1 by 1. ;/. gg
124,125,6,just leave
125,127,0,not our fault u have lag. gg sry about ur lan internet
126,127,1,dont first blood me. aim other party memeber lel. ㄷㅋ. ez. u guys actually. triggered me. hahaha. icbm girl
127,129,0,.|.. pl. can u give me bracer back plz. okay thanks you
128,129,8,"yes, sure. but my teammates wont to kill u((9(. gg wp"
129,130,2,farming lord AM
130,130,5,u can end. pudge afk
131,130,8,lelelel. thx for boot. lel
132,131,0,xD. report alche plz. end fast . report alche plz
133,131,2,nice supports. noob. pgg. pff*. report alche. stupid carry
134,131,3,xfd. Xd. REPORT ALCHE. REPORTEN ALCHE
135,133,2,what boost lol. im retard
136,133,5,nice boost . how many did he paid ? . you know you have a guy at 16-0 ?. withh 600 avg gpm
137,134,9,wow i got a kill while 2v1. must chat all now. xD. :)))). chat all. xD. music to my ears. haha. never chat all at early kids
138,139,6,GG was fun
139,140,2,haha. SVEN. HATE ME?. HAHAHA. AHHAHA. NOOBS. SVEN. HAHHA. HAHAHA. STROM. CARRY U. DATS ALL. HAHA. NOOB. HAHA. EZ. EZ. SVEN. EZ. HAHAH
140,140,3,noob ka lang
141,140,7,so ez. EZ jungle. HAHA
142,140,8,skill bruh. acc buyer
143,141,9,put that wards
144,145,0,lol. ayyyyy yooo chill. leave me alone. gg wp
145,145,1,gg. you guys were winning early game. gg noobs
146,145,3,dont listen to him
147,145,5,fuck this team
148,146,5,who mid XD. ?. bait. lol. scared of one fat guy?. gg. gege. XDDDDDDDDDD. wombo comvo. gg
149,146,7,magnus u have some mana 4 me
150,146,8,YOOO. lul. wp wp . you fookin clown magnus
151,146,9,at a price of fb. idiot lol . wp. wp 
152,147,0,u r so bad SF.  _. dickhead.  _.  _
153,147,4,ROFL
154,147,7,?. ?. ancient btw haHAA. ??. why so bad?. base?
155,147,8,??. ?. ??. how are you so high mmr???. ???. ?. fiend bad btw haHAA. you guys know that you need creeps to hit buildings?
156,147,9,YOU SUCK ME COCKY. GG EZ
157,149,0,GG. MID. REPORT MID. REPORTEN AL MID. REPORT . MID. PLS. REPORTEN A MI MID . DE MRDA. ES UN PUTO CIEGO . LOL. LE METI AL CREP. EL ULTI JAJAJA. REPORTEN. AL INVOKER. MIREN ESA. MRDA. REPORT MID. PLS. GG. CON EL INDOKER. DE MRDA. GG. MIREN A INDOKER. MUERETE. MALDITA. RATA. TIENE. 384 de opm . MALDITA. RATA. 387 de opm y va mid con invoker . EN MID. Y CONCHA. TU MADRE. QUE CHUCHA HACIAS . TU SALIR . DE TU TORRE. A MORIR . RATA DE MRDA. ACABEN. GG. REPORTEN AL MID DE MRDA. QUE ME TOCO 
158,149,4,gg no0 tea. gg no team. ez mid. ez my mid. ez sniper's feeder. report. report invokerr. Ez mid report. only that. report invokerr. please. só report invo. }. somen te. Ez
159,149,7,ez mid. mid?. lol. ez. no gank bara. ez gank . ez mid. ez. lol. gg commend me. xd. xd. lol. VERY. SPEC IN THE BAG!
160,150,0,GOD. . techies makes the game boring. For everyone but one.. :). gg
161,150,3,Wtf. AHAH. AHHA. aim me more. AHHA. gg
162,150,4,luigi. stream sniper!. techies go kill yourself. xaxa. ole. +
163,150,5,please i begging you . report void 
164,152,8,nice. team. )). gg. axaxa. omg. OMG. useless. sky and mirana. can end ). :D: D. and?. privet :D. daun. end. afk
165,153,0,yo. where the fuck is snow. snowy terrain. juked . bby. nope. u burned my mana. good still. funny situation. almost pooped myself xD. when u burned mana. kamil stoch to ciota i chuj Xd. no . Xd. on nic nie ma w 23 minuty. a huskar mial 1/4. xDDDDD. nie sraj. druzyna gierki Ci przegrywa. a tak to bys mial 6k?. :/
166,153,1,Nah just other route. ggwp. Why did you leave Jugger all by himself?
167,153,3,was a pleasure 1v4 mid though. worked out well
168,153,4,happy new year _). GG
169,153,6,rotated 2 players top. and u got to b. i won. leaped. i juked es. gj man. well. i never seen some1 lose mid that hard with sf. wp. when we lost top tower sf was lvl 7. well wp
170,153,7,close game. gg
171,155,6,dude. i see u. gg. gg
172,155,9,wtf. oh right. true sight is 100 longer. nice duist. nice dust
173,159,8,Gege. lets go pats
174,160,4,sorry. switch off my cheats. uno des tres. UGANDA
175,160,9,sto)p cheat ulty 0 dmg ss stop cheat. ok sentry . 0reaction team 0 def team 0 info team pls ff enmys. only cheat. stop cheat trool. ss to
176,163,2,"MAN DOWN. calling emergency personnel. shadow fiend. i will burn you alive. yes with my ultimate fingering skill. sorry, was fingering your mum"
177,163,4,ABORT ABORT. finger you to death
178,163,8,??. i did not see u finger me to death even once?. ez
179,164,7,fcking noob hero. my god. gg
180,165,2,"what. do you want. its only turbo. lol. why are you so pissed. i main supp dude. i'm really not, sry man. 3k mmr is decent not pro. see, we are not ro. pro*. he has gone mad"
181,165,7,gg. AND?. IDC!. AND ?. UR HANDSOME WITH THAT ?. BECAUSE UR FUCKIN PRO. HEHE. PRO. WHY SO FAST LIKE BOT. FIGHT HIM HAHA. GG. SORRY FOR FEEDING MID. HEHE. PROEST TA EVER. SHUT UP UR PRO. FUCK UR REFRACT LOL. END :). END HEHE. BLAME ME TEAM :(. HEHE. WIPE. IM PASSIVBE EHHE. |YAH. HEHE GG. HEHE GG. GG REPORT ME SIR
182,165,8,end. pro they
183,166,0,get leaver have feeder huh?. like your ex. :D. gg
184,166,2,gl hf. please dont kill me. im kinda learning here. 2 slow. nop. tiny. small favor. STOP THROWING ME. get a hobby or smthing. lol. ninja. fu. gg. ez
185,166,3,script for what?. there are scripts for enigma?
186,166,6,enigma script test?. nice cheat
187,168,2,"meow. damn, now they know there are 4 of them bot. they didn't wait. how rude, right. gg"
188,168,4,4 bot. wait?
189,168,5,blinlk ? . up ? . what kind of vision is this . impossible game gg . sure 
190,168,6,pussies. sry
191,168,8,he survived . relax
192,169,0,miss click. lol i win game . ty pudge. noting. you will see. hi. broooo. i win game . you will see. hi ez gold. ya. S. hhahahaha. suck my dick idito. dont follow me. I see you . no ramapge. pf. wtf you want. omfg. i FEED PUDEG AND LOOK MY LIFESTEALR ITEMS IN 40. Gg 
193,169,6,LOOOL. FUCK YOU LIFE. gg
194,169,9,okay. feelsbadman. 4what. k. XD. hi. xD. 300 games pudge. whatya gonna do. xD. ahah. salty? :). mhm. 12 / 1 mid. sure salry. lol. xD. imf rkin dendi guys. ;D. dondo confirmed. hahahah. ayayayay. almost 1000 gold. gg
195,174,0,lower. you guys 3 top ...but did not any use
196,174,7,"pangolier mid. feeder hardlane. they whine cuz i bought midas. well, were we able to do shit?. ok. pro"
197,178,1,first pick. btw
198,178,4,lol. slardar. gg. recon. coming. please wait. am more
199,178,5,sad. carry
200,178,8,sad. lel. why mad bro
201,179,5,ty. wtf is with taht serwer. jesus gg
202,180,0,wp. nice try  
203,180,1,u okay dk?. its best for you to leave
204,180,5,g. delay shit. can i recon . not at all. at some way ill be stuck . IM SO DDELAY MAN
205,181,9,go end mid you can do it. necro no buyback
206,183,0,they speak taco. They cant understand you. reporting lc got it. Stfu LC. stupid taco. ZERO SUNSTRIKES. LC REPORTED. you said zero in the first statement. RETARD. WOAH SUNSTRIKE. DIDNT KNOW YOU KNEW THAT ONE INVOKER. yup np. you english?. gg. TACOTACOTACO. Get on your own servers retard. at least im doing better than LC ¯\_(ツ)_/¯. not at all. tacotaco. REPORT LC. ARCANA TO EVERYONE THAT DOES. Then blamed invoker?. sorry pa im not that rich. but fuck LC. Lc gave you ez
207,183,2,"is only game. you guys literally have a tri top. shut up . you suck at dota. get over it. learn to not overextend in solo lane. why. >0 suns. nigga he killed me. with 2. already. you dumb and blind?. its pretty dumb you're complaining, you're literally doing the worst on your team and holding them back LC. :C. wow a sunstrike. LOL 0 SUNSTRIKES SHIT INVO. reported. YOU GUYS MUST BE SO THANKFUL TO HAVE THIS AMAZING LC ON YOUR TEAM. ESKEETIT. not a difficult task. SO CLOSE"
208,183,3,I am PA. oh damn. I want me some arcana. gg sorry about lc
209,183,4,i mean he isnt grossly incandescent. but that's hardly his fault. no. un solo muerto. 7 veces. remember when legion died 7 times bot and then just kept dying?. i do
210,183,9,Can you guys report lc please. thx bru. First time playing offlane. ez. report lc. thx. end. here. oh. sad game
211,184,2,report. drow. 50 min lc. Farm. report. please. usuless. ggg
212,186,0,snipers don't come better than this my friends. gg wp. pls commend sniper
213,186,6,wp. wew. nc try nigga. ggwp. wp
214,192,5,hi pudge. oh u really there. spe is so fucking over farmed
215,195,5,"wtf. Really. this is jsut stupid, im out"
216,203,5,OMG. IT'S REALLY HAPPENING
217,207,9,shdow demon carry
218,208,9,lol. why even try?. Weaver
219,215,2,ok. wp bh. i had him muted. what did he say?. gg
220,215,4,gg. end. just end. this game is a joke. fucking account buyer omni. sure but this omni. cant buy a single ward. every game he picks omni 5 pos. and just lsoes game. ez omni pos 5 picker. ruins every single game hes in. gg this omni watches too much fucking slacks
221,215,5,xd. ROIFL. io mid is prank. ). just a hero. u know. and Io just doenst available on mid cuz like that. gl next. g
222,215,8,prank?. ty bro. this qop is just ruining the moment. he just dont realize omni is the worst 5 u can imagine(. nothing
223,216,3,my fucking tide. running. he not. even hitting. fucker. why. 5k. all suck
224,216,5,same like u. end. lul. sure. Read he name. just nothing. lul. 3-8 and 6-9
225,216,8,). can we guys. together. report our midder. thx. hes hero. can solo. win this game. but he braindead
226,219,5,No desire to play. go end
227,227,0,nice hook. EASY PUDGE. EASYY. haha. then what r u jug. herald 1 jug. lets go late game. ?. why blink in to fee. Feed. jugg so scary. u started it pudge. ???. jugg. where u. i save my ulti for u. ya. i dont speak poor. ??. what happened to your mid?. why make am so fat. indog are poor. do u need money. im in singapore. come suck my dick. i pay u. u run from me slardar. ?. >.<. ?. buye. buyer just shit on u dude. i rich what. how bout u. are u rich. ???. jhahaa. u calling me rich. thanks poor fagot. noob?. kill me. daddy. i came alr. creeps died. radian victory
228,227,1,haha. LOL. HAHA. ???. ?????????. ?. fat boi. haha. nice deny. ?. worth?. ?. worth?. easy. noob jugg. 1/8?. tsk. getting destroyed by herald axe. haha. ???. say that when u win. lol. ok. i shall wait. xd. jugg?. haha. lol. ez jugg. haha. ?. cuz i scared. ez. jugg. jugg?. ez. ez jugg. jugg. omni me. ?. haha. ez
229,227,3,LOL. ?. you got 1877 gold. gg
230,227,4,?. ?. ?. worth?. losing to herald bro. trash talk pa. ?. pls quit alr. at least got money to buy. so stfu. gege
231,227,6,just shut up. ?. ?. ?. ?. ?. fucking guardian. ?. ?. just wait bitch. ?. ez?. really. lets see
232,229,9,LOL. get off my dick pudge. u lost 2 towers 2 kill me. morons. great tp sniper. rough game
233,232,5,bots play better u know
234,234,0,"AHAHAHAHAH. insert coin, game over. AHAHAHAHAh"
235,235,5,"Dont attack my twrs pls. end. I die . because. Me . 10-0. solo carry team. Best team. (none). emo nobo kid. GG. afk. enjoy. they farm all day. buy retard items  i cant blieve. 0 teamplay. let midas slardar fcarm. AHAHHAHAHAHA. 10-3-8 useleso k. im afk. Enjoy ur loss u fuc,kijng garbage piece of shit. 6 death. 9 death. in a game i carry 10-0. AHAHHAHAHAHAHAHAHABAHHA. only. Only. FUCKING FARM. AND WITH FARM BUY FUCKINGF RETARDED ITEMS. TO FARM MORE. FUCKING PIECE OFS HGI GARBAGE PLAYER. GET CANCERS ALL. ALL HAVE ITEM AHAHHAHAHAHAHAHA. TEAM NO ITEM. I CREATE MORE SPAC THAN IN UNIVERSE. TEAM CANT. AHAHAHAHHA. GO END. RETARD IM LEGEND 5 IDIOT BASTARD NOOB. SHUT THE FUCK UP. U FUCKING RUIN GAME. ONLY FARM. I CARRY. 18 KILLS. WITH ASSIST. WHAT U DO. FARM ALL DAY. FEED 6 DEATH ANYWAY TO WEAK ENEMY. AND BE USELESS. Ez game. Team crusader 0. can only farm and do noting. like creep. end. cant believe how alch can have item. unbelievable. Team can feed every noob. And let me die to ward. best team. cant 1on5. just impossible. unbelievable how people can be so bad to lose thsi game. fucking trash of humanity. nice fair matchmaking. give me the 4 worst players in all of dota. 1on5. great. pa still has not 1 single. point. of hp. not one. Not fucking one. Even treads on agi. not one single point. i cant believe how lowskill and stupid people can be. i was smarter on my 2nd day dota. unbelievable. janitors. fucking garbagemans. yeah funny. alch"
236,247,0,commend. gank more cm. gg wp comend
237,247,1,is there a point to these predictions. other than showing off ur winning streak
238,247,2,thats all it otok?. one curse and you boys run?. i dont need 3 people. maybe gank luna next time
239,247,6,^. pay to win. GEGE
240,248,3,GG. END . TEAM NO DEF 
241,249,5,that's how we roll. kamehameha. gg. ggwp. ggwp
242,257,1,REALLY. WHAT THE. GG. AHAHHA. REALLY /. WHAT THE
243,257,5,g. GG LS. just report LS. Fucking noisyt. cant even help. Lol. ur lucky. got noob LS. he's at base. LOL. Lucky. report LS pls thanks. fucking noob
244,257,7,end please. Pick pho as offlane rofl. how to win then no one can kill weaver and am
245,263,0,is this game serious. this game. SERIOUSLY MOTHER FUCKERS. wet. GG
246,263,2,Wait
247,263,3,wait i pee. wait
248,263,4,lag
249,263,6,?. this is undying
250,264,3,so lucky. Sick wardtrap. Wtf are you doing
251,267,0,how often. are you gonna suicide kill me
252,267,4,rip farm. he h. he had a hard lane. very hard. lmao. you need trilane. u need sb. vs bbb. pls commend me. guys pls. commend for strong independent offlaner
253,267,6,u had so much luck. 100% chance for that fucking skill
254,268,1,no carry. sim
255,269,7,"gg. monkey blocks my hook, i said he was going to pick huskar what a game.. twice i get this shitty brood as  a core."
256,271,1,rofl. if u know. even ur ember cant last hit lul
257,271,2,youre no diff. sure. pick a shaman more
258,271,5,end pls. end. Ty
259,271,7,hghaha. Useless allies. Do I call myself as an allies?. Dumbfuck
260,273,3,ez. i see medusa mid. i see lose. i see noob at satrt]. too much talk. heh. you feel good?. uberlord farm for???
261,273,7,"wow. Ggwp. Cp,,emd me. Ggwp. Commend me"
262,273,8,"dont be worry , we have god father of drug. HAHA"
263,276,3,COMMEND ME  TY. TY FOR A GAME
264,277,1,glhf. <3. ten dota two heroes top. i eat cum. what sound do you think i make when i eat cum. !!!!. gg wp
265,277,9,no sound no mine blows up. OK ICEFRAUD
266,281,0,report rubick pls. report sups pls
267,281,4,ty. REPORTA SHAMAN E RUBICK = COMEND
268,282,7,if you could speak that AM afk or dc i would not resume . but those alien signs tell nothing . is that your tawarisz  ?. what !?. %%#@@#$@*@^@. rage . he cant farm . G  g
269,286,2,BS. NS. KEEP. FARMING. LIKE A . MORON. REALLY. F CK THIS. GUY
270,286,3,fury lycan boiys. run
271,286,5,rofl. farm more
272,290,0,ursa is goo dmid tho. ive never heard of storm mid before tbh. ursa stop . leave them alone. im gonna report ursa for ability abuse. ursa feeding. report
273,290,2,stop. look at this line up and honestly say your team was worse. You just lost. ur right. storm unconventional mid. ursa classic. lmao. gg
274,290,3,what happened. the picks were fine. we were jsut edgy. we were gonna mid kunkka. ursas just a king. did anything except feed lol. sounds good. ggwp
275,290,6,jus. end ursa. just end. rofl. this fucking ursa try hard. ursa is a cunt haha. gg
276,290,7,every1 throw toys out pram. and storm spends more time typing than anything else. well im reporting storm and dusa. because you both tilted each other. lol
277,290,8,"i mjust gonna sit in base. this lineup is fucking stupid. this picks. these*. hell no. these guys dont know how to play. i had to ward . and when i went to gank they. would just look. just end. ill sit in base. 26 - 3. doom, aba, keep, dusa. no lock down. my lanes were dumb. i had to ward myself . ours was worse. you have 3 lock downs. i thought it'd be easy. then at 8 mins you were already up 6-0. before i did anything. nothing i can do when my team just run when i come to gank. easy game"
278,290,9,storm failed mid to ursa. and he whine. Better if you do tbh. i wish you sat in base since the start. just push now. storm failing mid to ursa. just a joker. lmao aba. thats fine you can report me. i hardly said anything. just responded to this dipshit. who kept whining. Storm dead. LOL. KILL HIM'. GO. NOW. report storm
279,294,6,np our SF is totaly autistic. ggwp. sf is brainlet. pathetic AM pick in unranked. carried by SF
280,296,0,noobs always goes core. ff pls. no way to win
281,297,0,good luck get fucked?. go back. let them def wtf. dude wtf
282,297,4,"Yeah, don't look at the WK. Please.... Just pretend the man doesn't exist..."
283,297,8,wow. cool. 0. 0. gg ez pa. pa realy shit. ?. ?. ?. look the shit pa. hahahahahahah . if u want kill pa so ez. trash pa. go dead plz. ez pa trasj. ez go fuck ur mather pla. plz. pa 1k trash
284,300,0,"ck you need to study, half your senteces make no sense"
285,300,2,G feed done mid. Pussy. g base?. Pussy?. Pussy?. G end mid. Tierd. 5 asshole move together. die together. Thx. Guys. ASshole. get fucked. So hard. Forgot game. Go study. You guys. Sucks. i was mid ck. gg. Fuc k you asshole. People
286,300,3,"have fun, lads. sorry guys"
287,300,8,nice feed top trol and spectra
288,303,9,aw. hyahha. }aw. wtf. gg. gg game
289,305,1,cmon guys 3v1 really?. how do you like it?. thats what your mum said
290,305,5,minced. bro. ggwp tinker
291,307,5,?. gg. never 1st spec again
292,307,7,we are late game
293,309,8,why you play whis shit heroes. pa. reported pa . stupid shit hero . for kids. PEACE OF SHIT . fast . peace of shits. y. gg . report pa 
294,312,0,gege. they dont have. buyback. go thorne. throne
295,312,1,i ss one hit. next. lucky
296,312,3,im tilted af wid sf. m so done. practise wid bots how to grave teammates at what time. dreamy girl
297,312,4,nice carry husk 
298,314,3,ill out retard your feed dont worry. lol
299,314,4,lol. i get it. jesus resurrects. u tried
300,314,5,let me repick plz. liar. penius. looool. end fast. gg
301,314,6,he said. keyboard issues. wait pls. ty
302,314,8,RETARDS VS FEEDERS. LOL. EZ MOERPH. TY. LOL. gg?
303,314,9,gg. now we get to see the purple cool aid man slowly punch our base to death. report alch for not having 0.25 seconds per atk. only 0.28. fucking nub
304,315,2,why TK?. he's good
305,315,3,HAHA. hes good . HAHA
306,315,6,sad
307,315,7,HAHAH. let sd carry. let me afk. HAHAHA. Rerpot sd later. HAHAHAHAHA. Wow. HAHAHa. Sd go. go sd. HAHAHA. HEHEHE. HAHAHAHa. nnoob. g oend. HAHAHAHa. wait let tk abandon. Sd is good. HAHAHA. Cancer sup. HAHAHA
308,316,2,noobs
309,316,3,SHOULD I STAY OR SHOULD I GO NOW. suicide.exe
310,316,4,nice combo. reported. just cuz i look. like a terrorist. doesnt mean i am part of you
311,317,1,gg tide builld . 2 hits ? . really . XD. geee gee . Bois . Come back . Nice rosh 
312,318,4,n1. am said no support . so nice 
313,318,5,come . rampage
314,318,6,Lol. all of us no tango. just axe. Dafaq?. Lol. epic fail. foq. Hah. Lol. foq. Lol. hahaha. Haha. Lol. haha ggwp. party???. Haha. boom. panis. ahahah. boom. Dead. lmao. wow. blame pa ako?. haha. Lol. hala oii. anu ba yann. aray. sakit amp. Lol. Haha. Aw. bweset. gang bang. that pudge]. cum back??. Lol. aw. Aw. ggwp. haha. Lol. haha. its dizasta!!!. ohh its from universe its a dizasta!! ppd!!. Awww. wp gg. well played good game. ggwp. haha
315,318,7,gg. Report am. so noob guyz. hays. gg. Rteport am
316,318,8,NO TANGO GAMER. TANG INANG PUDGE TO. DAMAY PA AKO. PAPER AS HELL. WAG KANA MAG HOOK PUDGE. KUNG KASAMA MO LANG I HOGHOOK MO TAENA. HOY PUDGE?. EZ. HAYZZ. DISASTA
317,318,9,gg . no support. so gg. pls end. pls end as fast as u can sirs. i . i trow
318,322,3,nice comming ta. Cm me. Ez. delet dota. Ez
319,324,5,",..... LOL. ggwp. ty for game"
320,325,0,thx 4 waiting. g? 
321,328,5,press j change weather. w8 la. she rec. w8 la
322,328,8,lol. rec wait.  ?. wait dude. asshole . mofo . n p . lol. lol. GG W P
323,328,9,press j for glyph of fortification
324,329,0,hell. hell. i dont know. lol. u?. ty ty. no safe pls. lol pck. i am not affraid. eminem. lol. why?. too early. sarrender?. no rich?. lol drw. lol puck. cool. lol 2 dust?. that loss money. lol. only me def?. gg?. lol sf
325,329,3,im cancer. wtf. waste
326,329,5,GG team mates. HHHHAHA. why quit ?. end. sorender. poor team mates. HAHAHA. HAHHAA. HAHAHA
327,330,0,CLICK. XDDDDDDDDDD. NICE VENGE DUDE. NICE. 'thanks for hlep. __. )). tyty. one day. click. one day
328,332,6,zip zap. fuck u am. wow. wooooooooooooooooooooooow. !. kiding me !. 1 hit dager. there is a tip for noob player like am. if u are some kind of retard. ply sup. like protecter. see. we really. Respect him. he is noob. but. team respect him. 1045 crit attack !. come on. i stay in funtain
329,332,9,what are we supposed to do without a carry?. report him
330,334,1,our spec run away when war. with full hp. GG
331,334,6,lel . didnt know that . thought fly woulndt get stop. pheonix . lol. omg the pheonix plays :D. gg wp 
332,338,1,best thing about it. Is that our russian duo. antimage and axe. cannot even fucking finish a game already won. Not even that.
333,338,2,report ursa thx. go fuck urself cuntù. stop focusing me. report axe later plz
334,339,1,blood last pick vs od. lol. last pick blood. go next ty. we lost ty. retard my fucking team . ty. luna no ulti lvl 10. lmao. blood last pick. xd. lvl 12 blood . ?. ty. od vs blood. xdddddddddddddddddddddddddddddddddddddddd. TY LAST PICK BLOOD. :D 
335,347,3,said the monkey picker :D. gg
336,347,9,HAHA. GOOD. HERO. XD. im done. NOOB. WTF. srly
337,348,1,im herald in my heart
338,348,4,that stick lion. felt bad right?
339,348,5,how are these ranks equal?. END. ???. ???
340,350,0,)). 180. niiice. ahaqha. lose mid in pudge. ez. ahah
341,350,9,push. i'm afk. go throne. pls
342,351,2,rage. worth it. haha. GG TIME MONGOL. nice mid. carregado
343,353,7,why almost every game for me pudje?
344,357,2,try hard. lol
345,357,5,go mid fast. all mid we wont def
346,359,2,afker. 30 sec no response i go. we'll just go and report this dude. he returned
347,359,4,REPOR. REPOR. REPOR. OK. I DON'T CARE MMR. 25?!?!?!?. U CARE?!?!?. I DON'T CARE IT. mr skelton*. THANK YOU FOR IMPROVING THE DOTA 2 COMMUNITY. REPOR MEEPO. !. i think you mean. ?
348,359,5,you forgot the T. wut. are you calling for aid?. Gg
349,360,5,gg wp. report clock and tinker. or whatever
350,360,6,wow rly? dood if you dont wanna play then dont qur a game sheesh
351,360,9,?. ?. my team doesnt deserve to get out of lp. so bye. just goinna serll my items and dc. ppl qwith lowm iq deserve lp forever
352,368,0,tinker?. dude the other team doesnt wanna hear you be a little bitch either
353,368,1,i like how my team saying how im losing when im under lvl once i reconnected. WHAT A JOE. JOKE. stfu lc mid. is ez to win. U GOT A 2nd move. TO COUNTER MY MISS. but my team dont know tha. they nv seen lc mid. what a joke. sorry lc come back is real. my es from last game came through. its cool. lol i carry him last game. he carry me this game. sounds fair. anyway tinker counter your teamate but u counter me. GG
354,368,2,It fucked me more than you.. RAGE
355,368,3,he says he will be right back. there he is . how the fuck did we win that . is lc talking to tinker?
356,368,6,rly?. fuck u. Stop pls. ur gonna lose. if u continue 1ing. hmmm. u use 1st against lv. lc. lmao. yep. i told u. stop it. lmao. ?. u still being trash. ur winning 4 void. not uu. sry. ?. i didnt play last game. :). XD. just end
357,369,5,i will show this game to all my support. how to win. oracle win this shit solo
358,370,2,can win. let us end fast
359,370,4,WP. PL . OK. :D. cant win bro . let us end. xD. warlock has scepter. i has scepter. Game de . :D
360,370,5,dc od. wait please. Thanks. GG
361,371,0,ii will rap u. ;). moron. yas. :. :D. :D :D :D : . u noob ember. AHHAhAHahA. ;d
362,374,0,Go. Finish. Come guys. We w8
363,374,1,And report tinker. report tinker
364,376,0,GG WP. lol. ((((. (((((((((((((((((. leg wanna party rating?. Lol no. Fuk this game. Кщад. Rofl
365,376,7,never pick my rune again bitch!. he gave up xD. sad he will never reach Walhalla :-D. xD. man riki you die like paper. for that shit i will make you bleed riki. Void Ulti and run like a bitch? :-D. omg. WTF was that :-D
366,377,0,"lol. hf boys, i love you. ggwp"
367,377,4,WHO WANTS TO LIVE FOREVER. clan mcloud for lyf. omni does. so much damage. holy shit. LOL. I KNOW RIGHT
368,377,6,THERE CAN ONLY BE ONE. GLHF. rude. <3. ah well. gg
369,377,9,now the natures buys right click items. fuck me
370,378,5,lmfao. lol I was talking to my brother
371,378,8,and i wasnt there. gg. cant fuck with oracle!. gg
372,384,3,ggwp. I commend your fucking rat
373,384,5,y me rubick?. poor me haha. give a bless. wp. commend me bro. hahahah
374,389,0,wait for ward. cant touch this. gg. we have sniper. gg. report sniper. :)))). report lich. buyed account ?
375,389,2,ACTUALLY KUNKA WHO DOESNT HAVE SHADOW BLADE IS IDIOT. i have now SB im not idiot anymore. gg
376,389,3,Report lich for cyring. please report medusa for being useless
377,389,4,gg. NOW. WHAT SHOUD I DO?. void plz ff. gg wp
378,389,5,.i.. you suck. push. kids. Push. luck win. gj
379,389,7,u  don't  need to  focus on me ... 3  carries  out  there ... lol. russian Guardians ... im  done   :). so ....carry  VS  lose  lol. how  can  this  LC  get  4  stars'  Archon ?
380,389,9,ok. noob lc. useless lc and dark. gg i dont have team ]. lc and moph useless. ez lc. the must noob lc ever. loot at this moph with 2 skadi lo. lol. pls report my team . pls report moph and lc. pls report lc and moph
381,404,4,report luny ty. or no u can commend him she won u game :)
382,406,7,lel. huh. calm lady boy. owakowak. NGAKAK. CALM LADY BOY. dont cry lady boy. DONT CRY. dont touch my support. COME. I AM NOT UR CLASS MAN. UR NOT MY BRACKET. i am not ur clas
383,408,4,why rage when you just win 1k?
384,409,9,grats. wew 5 man gank. nice items luna btw. very nice safelane. ?. ?. Lamo. nice smurf. nice first kill. Wait u didnt even kill me void. ur support stole it. nice. Cyka. ?. wew. Comeback is real. Ez rapier. Ez
385,410,9,well all what i can say. i wish u play with this Tusk next . Report tusk all. random on ranekd match
386,411,5,we w8ed your fucking weaver. have manners trash. russian tards. Really nigga?
387,411,6,fuck u 3x monkeys. pudge lock and this warm shit. shut up a fourth monkey alert. noobbbbie. MORE LUCK. 3v1. sure. HAHAHAHAHA. NICE. ?. U're jst good with 2x+ team mates. ??. ??. 5x monkeys. HAHAHAHA. XDD. hard. game. xD
388,414,0,why you ban berd. iz my berd. plz no ban. i name him . roberd. roberd the penix. my children africa. ???. Duact best drug. higher than twin tower
389,414,2,Wtf. halsennnnnnnnnnnnn. whyyy. hey divine. i dont know why. u last pick. LC. like noob. i need rampage. can i. pls. fuck u. LOIL. bb. feed me rampage. we got a deal
390,417,2,"Good luck, get fucked.. gg"
391,424,0,eng mb?. brain dead?. ? how long. wards checking?). sry. sry. ur puck braindead. anyway u dead. hahaha. ty. well. ill commend u. so wheres lina?. can i put my saber inside u?. sure. for commend. fuck. but u dead. ahahah. ??. coz im so good. ty. guys. we have medusa. fuck. well guys. told ya. we have medusa. that freefarm when u farm me. i know what u feel. sure im god. ez. gg
392,424,6,wait. my puck .  have lag
393,424,7,dont kill me i will commend . commend > 25 mmr . cmon man think about it . idc mmr i care commends. xD. me?. jebaited.com . nice hero bro. bulldog fans 1 hero pool LUL . gg
394,424,8,kos omak. i agree. gimme. call roshan. mid. tmw. u so good. report this dis. holy wshit. dunno. working maybe. ?!. u are not. +. can u stfu ?!?!
395,426,2,24 armor lvl 14 hero. balanced af
396,426,4,this is called balance. i hate doin this. i know. i hate myself. alreadyt. its just. tjhis shitty hero.  i hate her. this hero is broken. ill start spamming. we have sf if u didnt notice
397,426,6,i see. yeah. fucking hell. nmmice hero. but too bad u r not playing mid. rly. :). i am so bad. sorry. report this lc ty. GG
398,426,9,CROSS. TORRENT. PLEASE. TODAY?. OOOO
